{"draw_idx": 100, "draws": null, "_stats": [{"depth": [12, 12, 12, 12, 12, 12, 12, 12, 12, 12, 12, 12, 12, 12, 12, 12, 12, 12, 12, 12, 12, 12, 12, 12, 12, 12, 12, 12, 12, 12, 12, 12, 12, 12, 12, 12, 12, 12, 12, 12, 12, 12, 12, 12, 12, 12, 12, 12, 12, 12, 12, 12, 12, 12, 12, 12, 12, 12, 12, 12, 12, 12, 12, 12, 12, 12, 12, 12, 12, 12, 12, 12, 12, 12, 12, 12, 12, 12, 12, 12, 12, 12, 12, 12, 12, 12, 12, 12, 12, 12, 12, 12, 12, 12, 12, 12, 12, 12, 12, 12], "step_size": [0.0002109029530512078, 0.0002109029530512078, 0.0002109029530512078, 0.0002109029530512078, 0.0002109029530512078, 0.0002109029530512078, 0.0002109029530512078, 0.0002109029530512078, 0.0002109029530512078, 0.0002109029530512078, 0.0002109029530512078, 0.0002109029530512078, 0.0002109029530512078, 0.0002109029530512078, 0.0002109029530512078, 0.0002109029530512078, 0.0002109029530512078, 0.0002109029530512078, 0.0002109029530512078, 0.0002109029530512078, 0.0002109029530512078, 0.0002109029530512078, 0.0002109029530512078, 0.0002109029530512078, 0.0002109029530512078, 0.0002109029530512078, 0.0002109029530512078, 0.0002109029530512078, 0.0002109029530512078, 0.0002109029530512078, 0.0002109029530512078, 0.0002109029530512078, 0.0002109029530512078, 0.0002109029530512078, 0.0002109029530512078, 0.0002109029530512078, 0.0002109029530512078, 0.0002109029530512078, 0.0002109029530512078, 0.0002109029530512078, 0.0002109029530512078, 0.0002109029530512078, 0.0002109029530512078, 0.0002109029530512078, 0.0002109029530512078, 0.0002109029530512078, 0.0002109029530512078, 0.0002109029530512078, 0.0002109029530512078, 0.0002109029530512078, 0.0002109029530512078, 0.0002109029530512078, 0.0002109029530512078, 0.0002109029530512078, 0.0002109029530512078, 0.0002109029530512078, 0.0002109029530512078, 0.0002109029530512078, 0.0002109029530512078, 0.0002109029530512078, 0.0002109029530512078, 0.0002109029530512078, 0.0002109029530512078, 0.0002109029530512078, 0.0002109029530512078, 0.0002109029530512078, 0.0002109029530512078, 0.0002109029530512078, 0.0002109029530512078, 0.0002109029530512078, 0.0002109029530512078, 0.0002109029530512078, 0.0002109029530512078, 0.0002109029530512078, 0.0002109029530512078, 0.0002109029530512078, 0.0002109029530512078, 0.0002109029530512078, 0.0002109029530512078, 0.0002109029530512078, 0.0002109029530512078, 0.0002109029530512078, 0.0002109029530512078, 0.0002109029530512078, 0.0002109029530512078, 0.0002109029530512078, 0.0002109029530512078, 0.0002109029530512078, 0.0002109029530512078, 0.0002109029530512078, 0.0002109029530512078, 0.0002109029530512078, 0.0002109029530512078, 0.0002109029530512078, 0.0002109029530512078, 0.0002109029530512078, 0.0002109029530512078, 0.0002109029530512078, 0.0002109029530512078, 0.0002109029530512078], "tune": [true, false, false, false, false, false, false, false, false, false, false, false, false, false, false, false, false, false, false, false, false, false, false, false, false, false, false, false, false, false, false, false, false, false, false, false, false, false, false, false, false, false, false, false, false, false, false, false, false, false, false, false, false, false, false, false, false, false, false, false, false, false, false, false, false, false, false, false, false, false, false, false, false, false, false, false, false, false, false, false, false, false, false, false, false, false, false, false, false, false, false, false, false, false, false, false, false, false, false, false], "mean_tree_accept": [0.9972911634735729, 0.9773341566541551, 0.9955623439027064, 0.98828054342704, 0.9893094019700469, 0.9469628880263615, 0.9997153713122893, 0.9984153621955157, 0.9909882061120536, 0.9993511710680288, 0.9433873744983541, 0.9979972409152272, 0.9999924423985845, 0.9999362252085034, 0.9973235486818165, 0.9941536607637833, 0.9971788932341527, 0.998376029949426, 0.9937845133001062, 0.9972598185705974, 0.9884069626636112, 0.997257056970563, 0.9888845083106119, 0.9995210509329583, 0.9833149687804704, 0.9997300560935978, 0.9995146902135631, 0.9983310942865199, 0.9897636290752906, 0.9853229850881221, 0.9963265887646111, 0.9984565960380584, 0.9944473339356534, 0.9875494496601791, 0.997869987130172, 0.9757165448261895, 0.9996335591550971, 0.9955080121185237, 0.9991668280319715, 0.9969859074458747, 0.9709524218407454, 0.9856229032757526, 0.9965582245790857, 0.9993258887182751, 0.9702951073047537, 0.9973163858202754, 0.9980347016399658, 0.9886900357063876, 0.9965859527430775, 0.9936294383038308, 0.9998367242581652, 0.9774228845089439, 0.9934560816121468, 0.997192008385247, 0.9987966799789929, 0.9892052030956013, 0.9952676357325992, 0.998693755475203, 0.9766560681439688, 0.9944441253962694, 0.9960562055606635, 0.9178556398108618, 0.998632896824446, 0.9963531260655766, 0.9946823302146085, 0.9852082945170726, 0.9957131374851594, 0.9883084523558173, 0.9985891512339773, 0.9951065787429219, 0.997943101442785, 0.9997768615973887, 0.9859857583202776, 0.9938382680156759, 0.96295768626724, 0.999208555156547, 0.9981615725812347, 0.9999733049614036, 0.9641025585155154, 0.9913713597834928, 0.9993893084242566, 0.9972902598625687, 0.9991300235583825, 0.9961874194843123, 0.9998627296954634, 0.9965704951061093, 0.9982884896660535, 0.9582960087383108, 0.9615955082737231, 0.9804896290770246, 0.9963212772996829, 0.9975361386102615, 0.959255460143954, 0.9880609205206535, 0.9999957738751123, 0.9961414546679674, 0.9640272305842396, 0.9755058035141944, 0.9990520826346734, 0.9891396165837577], "step_size_bar": [0.00017888319203899046, 0.00017888319203899046, 0.00017888319203899046, 0.00017888319203899046, 0.00017888319203899046, 0.00017888319203899046, 0.00017888319203899046, 0.00017888319203899046, 0.00017888319203899046, 0.00017888319203899046, 0.00017888319203899046, 0.00017888319203899046, 0.00017888319203899046, 0.00017888319203899046, 0.00017888319203899046, 0.00017888319203899046, 0.00017888319203899046, 0.00017888319203899046, 0.00017888319203899046, 0.00017888319203899046, 0.00017888319203899046, 0.00017888319203899046, 0.00017888319203899046, 0.00017888319203899046, 0.00017888319203899046, 0.00017888319203899046, 0.00017888319203899046, 0.00017888319203899046, 0.00017888319203899046, 0.00017888319203899046, 0.00017888319203899046, 0.00017888319203899046, 0.00017888319203899046, 0.00017888319203899046, 0.00017888319203899046, 0.00017888319203899046, 0.00017888319203899046, 0.00017888319203899046, 0.00017888319203899046, 0.00017888319203899046, 0.00017888319203899046, 0.00017888319203899046, 0.00017888319203899046, 0.00017888319203899046, 0.00017888319203899046, 0.00017888319203899046, 0.00017888319203899046, 0.00017888319203899046, 0.00017888319203899046, 0.00017888319203899046, 0.00017888319203899046, 0.00017888319203899046, 0.00017888319203899046, 0.00017888319203899046, 0.00017888319203899046, 0.00017888319203899046, 0.00017888319203899046, 0.00017888319203899046, 0.00017888319203899046, 0.00017888319203899046, 0.00017888319203899046, 0.00017888319203899046, 0.00017888319203899046, 0.00017888319203899046, 0.00017888319203899046, 0.00017888319203899046, 0.00017888319203899046, 0.00017888319203899046, 0.00017888319203899046, 0.00017888319203899046, 0.00017888319203899046, 0.00017888319203899046, 0.00017888319203899046, 0.00017888319203899046, 0.00017888319203899046, 0.00017888319203899046, 0.00017888319203899046, 0.00017888319203899046, 0.00017888319203899046, 0.00017888319203899046, 0.00017888319203899046, 0.00017888319203899046, 0.00017888319203899046, 0.00017888319203899046, 0.00017888319203899046, 0.00017888319203899046, 0.00017888319203899046, 0.00017888319203899046, 0.00017888319203899046, 0.00017888319203899046, 0.00017888319203899046, 0.00017888319203899046, 0.00017888319203899046, 0.00017888319203899046, 0.00017888319203899046, 0.00017888319203899046, 0.00017888319203899046, 0.00017888319203899046, 0.00017888319203899046, 0.00017888319203899046],