{"draw_idx": 100, "draws": null, "_stats": [{"depth": [12, 12, 12, 12, 12, 12, 12, 12, 12, 12, 12, 12, 12, 12, 12, 12, 12, 12, 12, 12, 12, 12, 12, 12, 12, 12, 12, 12, 12, 12, 12, 12, 12, 12, 12, 12, 12, 12, 12, 12, 12, 12, 12, 12, 12, 12, 12, 12, 12, 12, 12, 12, 12, 12, 12, 12, 12, 12, 12, 12, 12, 12, 12, 12, 12, 12, 12, 12, 12, 12, 12, 12, 12, 12, 12, 12, 12, 12, 12, 12, 12, 12, 12, 12, 12, 12, 12, 12, 12, 12, 12, 12, 12, 12, 12, 12, 12, 12, 12, 12], "step_size": [0.0001540998514669711, 0.0001540998514669711, 0.0001540998514669711, 0.0001540998514669711, 0.0001540998514669711, 0.0001540998514669711, 0.0001540998514669711, 0.0001540998514669711, 0.0001540998514669711, 0.0001540998514669711, 0.0001540998514669711, 0.0001540998514669711, 0.0001540998514669711, 0.0001540998514669711, 0.0001540998514669711, 0.0001540998514669711, 0.0001540998514669711, 0.0001540998514669711, 0.0001540998514669711, 0.0001540998514669711, 0.0001540998514669711, 0.0001540998514669711, 0.0001540998514669711, 0.0001540998514669711, 0.0001540998514669711, 0.0001540998514669711, 0.0001540998514669711, 0.0001540998514669711, 0.0001540998514669711, 0.0001540998514669711, 0.0001540998514669711, 0.0001540998514669711, 0.0001540998514669711, 0.0001540998514669711, 0.0001540998514669711, 0.0001540998514669711, 0.0001540998514669711, 0.0001540998514669711, 0.0001540998514669711, 0.0001540998514669711, 0.0001540998514669711, 0.0001540998514669711, 0.0001540998514669711, 0.0001540998514669711, 0.0001540998514669711, 0.0001540998514669711, 0.0001540998514669711, 0.0001540998514669711, 0.0001540998514669711, 0.0001540998514669711, 0.0001540998514669711, 0.0001540998514669711, 0.0001540998514669711, 0.0001540998514669711, 0.0001540998514669711, 0.0001540998514669711, 0.0001540998514669711, 0.0001540998514669711, 0.0001540998514669711, 0.0001540998514669711, 0.0001540998514669711, 0.0001540998514669711, 0.0001540998514669711, 0.0001540998514669711, 0.0001540998514669711, 0.0001540998514669711, 0.0001540998514669711, 0.0001540998514669711, 0.0001540998514669711, 0.0001540998514669711, 0.0001540998514669711, 0.0001540998514669711, 0.0001540998514669711, 0.0001540998514669711, 0.0001540998514669711, 0.0001540998514669711, 0.0001540998514669711, 0.0001540998514669711, 0.0001540998514669711, 0.0001540998514669711, 0.0001540998514669711, 0.0001540998514669711, 0.0001540998514669711, 0.0001540998514669711, 0.0001540998514669711, 0.0001540998514669711, 0.0001540998514669711, 0.0001540998514669711, 0.0001540998514669711, 0.0001540998514669711, 0.0001540998514669711, 0.0001540998514669711, 0.0001540998514669711, 0.0001540998514669711, 0.0001540998514669711, 0.0001540998514669711, 0.0001540998514669711, 0.0001540998514669711, 0.0001540998514669711, 0.0001540998514669711], "tune": [true, false, false, false, false, false, false, false, false, false, false, false, false, false, false, false, false, false, false, false, false, false, false, false, false, false, false, false, false, false, false, false, false, false, false, false, false, false, false, false, false, false, false, false, false, false, false, false, false, false, false, false, false, false, false, false, false, false, false, false, false, false, false, false, false, false, false, false, false, false, false, false, false, false, false, false, false, false, false, false, false, false, false, false, false, false, false, false, false, false, false, false, false, false, false, false, false, false, false, false], "mean_tree_accept": [0.9988641836703303, 0.9900000221125632, 0.9811678856282885, 0.9981343560873488, 0.9953736061742444, 0.9999253333230455, 0.9932487894764043, 0.9966826823710976, 0.9906456697015248, 0.9990438713097789, 0.9948180187131466, 0.9938279293084896, 0.9953602951344391, 0.9767393968963437, 0.9963816247183073, 0.9959638174364206, 0.9873633487722444, 0.9848057757299044, 0.9635467117375431, 0.9889278245969808, 0.976219008641915, 0.9923797946838355, 0.9900393751032512, 0.9991693190900722, 0.9931155361829, 0.9999594294454368, 0.9923802361647253, 0.9624322507715508, 0.9860196519106922, 0.9985546267217139, 0.9767472421413704, 0.9884352797866032, 0.9901473818336173, 0.9884305547300672, 0.9976770912615288, 0.9974605190555901, 0.9685014529945106, 0.9968210924597632, 0.9923423496982227, 0.9986109906491639, 0.953093184085431, 0.9594555189640362, 0.9749274688382567, 0.9993577184264371, 0.9368805051404058, 0.989914941512893, 0.9842749656568838, 0.9885609413976664, 0.9581505625936966, 0.9987875934657723, 0.9868578019762032, 0.9991470880734766, 0.9275548213259129, 0.9555042348546747, 0.9851986728040218, 0.996115540929966, 0.9472274658853181, 0.9951427962648767, 0.9948665574679092, 0.9979564362219846, 0.9826639117467372, 0.9990924619278694, 0.9908697417557937, 0.9933016088400731, 0.9970719506325988, 0.9905975792209611, 0.9976183008346363, 0.9869171922726685, 0.9992880635531403, 0.9421631376942653, 0.9999709459699812, 0.9974676667839008, 0.9943152258629075, 0.9921575421404337, 0.9992327782918057, 0.9977264442548306, 0.9824539647482314, 0.9998205176814565, 0.9830733352070292, 0.9990292712582325, 0.9466698630814715, 0.9957605358100224, 0.9813271718624367, 0.9941570814131163, 0.9967855882940799, 0.9956245154617107, 0.9789790153097356, 0.9820799110126467, 0.9881595790154805, 0.9974926610593454, 0.992742710536218, 0.9864196248478705, 0.9083734912753786, 0.9985680902598528, 0.9992793186839516, 0.9742045048935407, 0.9909183770085739, 0.9188454598334033, 0.9997625037717021, 0.9779776200080788], "step_size_bar": [0.0001960437132166482, 0.0001960437132166482, 0.0001960437132166482, 0.0001960437132166482, 0.0001960437132166482, 0.0001960437132166482, 0.0001960437132166482, 0.0001960437132166482, 0.0001960437132166482, 0.0001960437132166482, 0.0001960437132166482, 0.0001960437132166482, 0.0001960437132166482, 0.0001960437132166482, 0.0001960437132166482, 0.0001960437132166482, 0.0001960437132166482, 0.0001960437132166482, 0.0001960437132166482, 0.0001960437132166482, 0.0001960437132166482, 0.0001960437132166482, 0.0001960437132166482, 0.0001960437132166482, 0.0001960437132166482, 0.0001960437132166482, 0.0001960437132166482, 0.0001960437132166482, 0.0001960437132166482, 0.0001960437132166482, 0.0001960437132166482, 0.0001960437132166482, 0.0001960437132166482, 0.0001960437132166482, 0.0001960437132166482, 0.0001960437132166482, 0.0001960437132166482, 0.0001960437132166482, 0.0001960437132166482, 0.0001960437132166482, 0.0001960437132166482, 0.0001960437132166482, 0.0001960437132166482, 0.0001960437132166482, 0.0001960437132166482, 0.0001960437132166482, 0.0001960437132166482, 0.0001960437132166482, 0.0001960437132166482, 0.0001960437132166482, 0.0001960437132166482, 0.0001960437132166482, 0.0001960437132166482, 0.0001960437132166482, 0.0001960437132166482, 0.0001960437132166482, 0.0001960437132166482, 0.0001960437132166482, 0.0001960437132166482, 0.0001960437132166482, 0.0001960437132166482, 0.0001960437132166482, 0.0001960437132166482, 0.0001960437132166482, 0.0001960437132166482, 0.0001960437132166482, 0.0001960437132166482, 0.0001960437132166482, 0.0001960437132166482, 0.0001960437132166482, 0.0001960437132166482, 0.0001960437132166482, 0.0001960437132166482, 0.0001960437132166482, 0.0001960437132166482, 0.0001960437132166482, 0.0001960437132166482, 0.0001960437132166482, 0.0001960437132166482, 0.0001960437132166482, 0.0001960437132166482, 0.0001960437132166482, 0.0001960437132166482, 0.0001960437132166482, 0.0001960437132166482, 0.0001960437132166482, 0.0001960437132166482, 0.0001960437132166482, 0.0001960437132166482, 0.0001960437132166482, 0.0001960437132166482, 0.0001960437132166482, 0.0001960437132166482, 0.0001960437132166482, 0.0001960437132166482, 0.0001960437132166482, 0.0001960437132166482, 0.0001960437132166482, 0.0001960437132166482, 0.0001960437132166482],